{
  "u_mean": [
    108.81943649865092,
    10.657276995305164,
    1.290644510878696,
    15.142441212291448
  ],
  "u_scale": [
    103.89640858252167,
    14.026798834480783,
    0.8466172792061953,
    10.936424237751046
  ],
  "y_mean": [
    3.000480370832161
  ],
  "y_scale": [
    1.1326011189346201
  ]
}