{
  "u_mean": [
    10.69682151589242,
    1.6567918293184913,
    18.744253990994107,
    126.46279722554176
  ],
  "u_scale": [
    14.153058355065331,
    1.2025512779099932,
    14.297772831749578,
    60.09687178212955
  ],
  "y_mean": [
    2.0771375607544313
  ],
  "y_scale": [
    1.9638315369500168
  ]
}