{
  "u_mean": [
    0.1065765585899353,
    283.7099938964844
  ],
  "u_scale": [
    0.13169597986870854,
    14.045867719724544
  ],
  "y_mean": [
    3.4300592031478883
  ],
  "y_scale": [
    0.8058825361832973
  ]
}